datetime,open,high,low,close,volume,hold
2023-10-17 09:15:00,462.8,462.96,462.6,462.9,918,160390
2023-10-17 09:20:00,462.9,463.16,462.78,463.16,1001,160312
2023-10-17 09:25:00,463.16,463.24,463.0,463.14,886,160251
2023-10-17 09:30:00,463.14,463.18,463.02,463.14,464,160202
2023-10-17 09:35:00,463.14,463.14,462.94,463.02,618,160220
2023-10-17 09:40:00,463.04,463.06,462.7,462.72,840,160123
2023-10-17 09:45:00,462.72,462.72,462.16,462.24,1995,160343
2023-10-17 09:50:00,462.22,462.46,462.18,462.4,891,160172
2023-10-17 09:55:00,462.4,462.48,462.1,462.16,2311,159784
2023-10-17 10:00:00,462.18,462.36,462.16,462.32,568,159657
2023-10-17 10:05:00,462.32,462.34,462.26,462.32,281,159540
2023-10-17 10:10:00,462.3,462.36,462.2,462.3,280,159416
2023-10-17 10:15:00,462.3,462.48,462.3,462.44,491,159304
2023-10-17 10:35:00,462.3,462.52,462.28,462.38,939,159262
2023-10-17 10:40:00,462.36,462.42,462.3,462.42,426,159177
2023-10-17 10:45:00,462.5,462.66,462.46,462.52,677,159104
2023-10-17 10:50:00,462.52,462.58,462.38,462.54,476,158947
2023-10-17 10:55:00,462.54,462.76,462.54,462.64,790,158813
2023-10-17 11:00:00,462.62,462.86,462.58,462.84,931,158541
2023-10-17 11:05:00,462.84,462.86,462.74,462.76,569,158426
2023-10-17 11:10:00,462.76,462.76,462.66,462.76,327,158319
2023-10-17 11:15:00,462.76,462.92,462.76,462.9,412,158341
2023-10-17 11:20:00,462.9,462.94,462.78,462.8,275,158303
2023-10-17 11:25:00,462.8,462.84,462.62,462.64,318,158194
2023-10-17 11:30:00,462.64,462.68,462.58,462.62,321,158137
2023-10-17 13:35:00,462.84,462.86,462.66,462.7,783,158272
2023-10-17 13:40:00,462.7,462.86,462.62,462.78,697,158148
2023-10-17 13:45:00,462.78,462.78,462.66,462.7,453,157963
2023-10-17 13:50:00,462.7,462.92,462.66,462.88,421,157865
2023-10-17 13:55:00,462.88,463.04,462.86,463.02,936,157843
2023-10-17 14:00:00,463.02,463.16,462.94,463.08,854,157688
2023-10-17 14:05:00,463.1,463.28,463.04,463.28,907,157588
2023-10-17 14:10:00,463.28,463.34,463.08,463.22,1427,157301
2023-10-17 14:15:00,463.24,463.38,463.12,463.3,988,157124
2023-10-17 14:20:00,463.3,463.4,463.24,463.26,749,156979
2023-10-17 14:25:00,463.26,463.3,463.06,463.22,862,156801
2023-10-17 14:30:00,463.22,463.4,463.18,463.32,795,156562
2023-10-17 14:35:00,463.3,463.38,463.2,463.36,586,156468
2023-10-17 14:40:00,463.34,463.38,463.16,463.2,480,156306
2023-10-17 14:45:00,463.2,463.34,463.18,463.26,409,156277
2023-10-17 14:50:00,463.26,463.42,463.2,463.34,749,156230
2023-10-17 14:55:00,463.36,463.42,463.26,463.4,765,156108
2023-10-17 15:00:00,463.4,463.42,463.3,463.4,647,155999
2023-10-17 21:05:00,464.9,464.9,464.3,464.38,4856,156270
2023-10-17 21:10:00,464.36,464.62,464.1,464.56,2359,156351
2023-10-17 21:15:00,464.54,464.56,464.26,464.4,1223,156256
2023-10-17 21:20:00,464.4,464.58,464.3,464.44,1243,156390
2023-10-17 21:25:00,464.48,464.74,464.44,464.68,1144,156441
2023-10-17 21:30:00,464.7,464.7,464.36,464.42,1065,156432
2023-10-17 21:35:00,464.42,464.42,464.06,464.28,1768,156486
2023-10-17 21:40:00,464.28,464.78,464.24,464.72,1676,156154
2023-10-17 21:45:00,464.72,464.74,464.46,464.68,1425,156095
2023-10-17 21:50:00,464.68,465.56,464.64,465.18,5014,156717
2023-10-17 21:55:00,465.12,465.42,465.04,465.3,1402,156684
2023-10-17 22:00:00,465.3,465.36,465.02,465.2,1292,156610
2023-10-17 22:05:00,465.28,465.6,465.08,465.3,2557,156636
2023-10-17 22:10:00,465.3,465.34,464.96,465.22,1496,156512
2023-10-17 22:15:00,465.24,465.48,465.2,465.36,1211,156648
2023-10-17 22:20:00,465.4,465.44,465.2,465.22,943,156640
2023-10-17 22:25:00,465.22,465.24,464.82,464.96,1510,156595
2023-10-17 22:30:00,464.96,465.12,464.82,465.02,748,156580
2023-10-17 22:35:00,465.02,465.06,464.82,464.9,634,156508
2023-10-17 22:40:00,464.9,465.06,464.84,464.92,670,156462
2023-10-17 22:45:00,464.9,464.92,464.36,464.62,2072,156350
2023-10-17 22:50:00,464.64,464.78,464.46,464.46,781,156382
2023-10-17 22:55:00,464.46,464.64,464.4,464.44,603,156357
2023-10-17 23:00:00,464.42,464.54,464.34,464.54,659,156386
2023-10-17 23:05:00,464.54,464.7,464.44,464.68,870,156492
2023-10-17 23:10:00,464.7,464.7,464.44,464.5,581,156540
2023-10-17 23:15:00,464.5,464.86,464.5,464.76,939,156537
2023-10-17 23:20:00,464.78,464.82,464.64,464.68,495,156516
2023-10-17 23:25:00,464.68,464.8,464.62,464.62,282,156551
2023-10-17 23:30:00,464.62,464.64,464.5,464.62,378,156465
2023-10-17 23:35:00,464.6,464.8,464.58,464.72,583,156565
2023-10-17 23:40:00,464.72,464.84,464.72,464.72,271,156528
2023-10-17 23:45:00,464.72,464.82,464.72,464.78,163,156500
2023-10-17 23:50:00,464.8,464.88,464.66,464.76,387,156479
2023-10-17 23:55:00,464.76,464.92,464.76,464.84,378,156364
2023-10-18 00:00:00,464.84,464.98,464.76,464.94,307,156329
2023-10-18 00:05:00,464.94,464.98,464.78,464.8,315,156330
2023-10-18 00:10:00,464.8,464.92,464.78,464.92,172,156310
2023-10-18 00:15:00,464.92,464.94,464.78,464.8,204,156312
2023-10-18 00:20:00,464.8,464.8,464.62,464.8,360,156312
2023-10-18 00:25:00,464.8,464.84,464.68,464.68,120,156313
2023-10-18 00:30:00,464.7,464.78,464.68,464.68,836,156358
2023-10-18 00:35:00,464.7,464.7,464.52,464.68,401,156321
2023-10-18 00:40:00,464.68,464.84,464.68,464.84,197,156290
2023-10-18 00:45:00,464.84,464.84,464.6,464.62,168,156277
2023-10-18 00:50:00,464.62,464.74,464.6,464.72,141,156295
2023-10-18 00:55:00,464.72,464.72,464.64,464.72,95,156308
2023-10-18 01:00:00,464.72,464.72,464.56,464.64,128,156298
2023-10-18 01:05:00,464.62,464.82,464.62,464.82,270,156331
2023-10-18 01:10:00,464.78,464.84,464.68,464.84,133,156347
2023-10-18 01:15:00,464.84,464.86,464.76,464.76,91,156333
2023-10-18 01:20:00,464.76,464.86,464.74,464.86,142,156352
2023-10-18 01:25:00,464.84,464.84,464.7,464.72,87,156343
2023-10-18 01:30:00,464.72,464.76,464.6,464.6,153,156339
2023-10-18 01:35:00,464.62,464.68,464.58,464.58,134,156335
2023-10-18 01:40:00,464.58,464.58,464.4,464.42,216,156309
2023-10-18 01:45:00,464.42,464.46,463.96,464.04,864,156224
2023-10-18 01:50:00,464.06,464.24,463.98,464.18,393,156229
2023-10-18 01:55:00,464.18,464.34,464.06,464.06,282,156201
2023-10-18 02:00:00,464.08,464.2,464.02,464.08,232,156264
2023-10-18 02:05:00,464.08,464.14,463.96,464.1,246,156247
2023-10-18 02:10:00,464.1,464.26,464.1,464.16,176,156221
2023-10-18 02:15:00,464.16,464.28,464.16,464.18,76,156207
2023-10-18 02:20:00,464.18,464.3,464.06,464.08,194,156195
2023-10-18 02:25:00,464.08,464.28,464.08,464.28,80,156182
2023-10-18 02:30:00,464.28,464.52,464.28,464.3,376,156073
2023-10-18 09:05:00,465.06,465.26,464.88,465.1,1946,155969
2023-10-18 09:10:00,465.1,465.42,465.1,465.2,1319,155952
2023-10-18 09:15:00,465.2,465.52,465.16,465.4,1310,156018
2023-10-18 09:20:00,465.36,465.42,465.22,465.24,603,155907
2023-10-18 09:25:00,465.24,465.7,465.2,465.64,1221,156181
2023-10-18 09:30:00,465.64,466.7,465.64,466.56,4054,156302
2023-10-18 09:35:00,466.56,467.22,466.5,466.88,3531,156330
2023-10-18 09:40:00,466.88,467.26,466.68,467.2,2020,156237
2023-10-18 09:45:00,467.2,467.54,467.16,467.54,2858,156212
2023-10-18 09:50:00,467.46,467.9,467.46,467.8,1584,156237
2023-10-18 09:55:00,467.82,467.94,467.56,467.62,1342,156129
2023-10-18 10:00:00,467.6,467.9,467.6,467.86,471,156154
2023-10-18 10:05:00,467.86,467.86,467.34,467.42,642,155923
2023-10-18 10:10:00,467.42,468.02,467.4,467.86,817,155883
2023-10-18 10:15:00,467.86,467.96,467.82,467.96,228,155707
2023-10-18 10:35:00,467.92,468.18,467.84,467.88,1724,155759
2023-10-18 10:40:00,467.9,468.0,467.64,467.64,1048,155703
2023-10-18 10:45:00,467.64,467.64,467.18,467.26,1198,155424
2023-10-18 10:50:00,467.24,467.52,467.1,467.2,1568,155491
2023-10-18 10:55:00,467.22,467.32,466.96,467.02,950,155277
2023-10-18 11:00:00,467.0,467.02,466.7,466.94,2143,154992
2023-10-18 11:05:00,466.92,466.98,466.78,466.9,1410,154926
2023-10-18 11:10:00,466.9,467.02,466.74,466.84,1024,154832
2023-10-18 11:15:00,466.84,466.86,466.52,466.7,1706,154773
2023-10-18 11:20:00,466.68,466.86,466.56,466.78,645,154706
2023-10-18 11:25:00,466.8,467.04,466.74,466.96,776,154549
2023-10-18 11:30:00,466.96,467.22,466.92,467.0,728,154537
2023-10-18 13:35:00,467.82,467.9,467.5,467.6,2286,154475
2023-10-18 13:40:00,467.6,467.7,467.4,467.6,909,154349
2023-10-18 13:45:00,467.6,467.76,467.58,467.66,616,154287
2023-10-18 13:50:00,467.66,467.86,467.52,467.56,1025,154238
2023-10-18 13:55:00,467.58,467.78,467.56,467.58,522,154225
2023-10-18 14:00:00,467.56,467.72,467.54,467.64,1233,154265
2023-10-18 14:05:00,467.66,467.66,467.36,467.58,1500,153972
2023-10-18 14:10:00,467.6,467.9,467.58,467.84,1265,153884
2023-10-18 14:15:00,467.84,468.0,467.78,467.82,1336,153804
2023-10-18 14:20:00,467.82,467.92,467.62,467.7,886,153749
2023-10-18 14:25:00,467.7,467.96,467.66,467.86,501,153730
2023-10-18 14:30:00,467.86,468.1,467.86,467.96,1133,153752
2023-10-18 14:35:00,467.92,467.96,467.7,467.82,572,153557
2023-10-18 14:40:00,467.8,468.0,467.52,467.6,1649,153386
2023-10-18 14:45:00,467.62,467.78,467.58,467.66,789,153139
2023-10-18 14:50:00,467.66,467.66,467.52,467.62,514,153068
2023-10-18 14:55:00,467.6,467.7,467.6,467.6,804,153041
2023-10-18 15:00:00,467.6,467.94,467.6,467.94,1398,152948
2023-10-18 21:05:00,470.0,470.1,469.46,469.52,6048,153435
2023-10-18 21:10:00,469.52,469.9,469.48,469.8,2484,153673
2023-10-18 21:15:00,469.8,469.92,469.54,469.66,1866,153987
2023-10-18 21:20:00,469.66,469.74,469.34,469.48,1648,154022
2023-10-18 21:25:00,469.48,469.8,469.46,469.7,1291,154084
2023-10-18 21:30:00,469.66,470.04,469.66,469.78,1606,154305
2023-10-18 21:35:00,469.78,470.54,469.72,470.52,3341,154854
2023-10-18 21:40:00,470.52,471.42,470.3,471.32,4354,155316
2023-10-18 21:45:00,471.3,471.48,470.96,471.36,5053,155717
2023-10-18 21:50:00,471.36,472.16,471.34,471.44,39812,156211
2023-10-18 21:55:00,471.46,471.78,471.24,471.34,3151,156363
2023-10-18 22:00:00,471.34,471.42,470.92,471.08,3283,156249
2023-10-18 22:05:00,471.08,471.28,470.54,470.82,3925,156043
2023-10-18 22:10:00,470.84,471.26,470.78,471.2,2194,156050
2023-10-18 22:15:00,471.2,471.36,470.86,470.98,1992,156134
2023-10-18 22:20:00,470.96,471.18,470.8,471.14,1195,156203
2023-10-18 22:25:00,471.16,471.22,470.74,470.86,1469,156146
2023-10-18 22:30:00,470.8,470.8,470.24,470.34,3058,156038
2023-10-18 22:35:00,470.36,470.72,470.1,470.22,3192,156050
2023-10-18 22:40:00,470.22,470.48,470.22,470.4,1782,156156
2023-10-18 22:45:00,470.4,470.46,470.28,470.38,1065,156066
2023-10-18 22:50:00,470.38,470.38,469.1,469.82,4886,155641
2023-10-18 22:55:00,469.82,470.08,469.7,470.0,2562,155761
2023-10-18 23:00:00,470.0,470.18,469.78,469.78,1528,155806
2023-10-18 23:05:00,469.78,469.84,469.44,469.64,1953,155907
2023-10-18 23:10:00,469.62,469.62,468.94,469.12,2595,155918
2023-10-18 23:15:00,469.1,469.1,468.2,468.78,4075,155959
2023-10-18 23:20:00,468.76,469.36,468.74,469.22,2416,156023
2023-10-18 23:25:00,469.2,469.26,468.9,469.02,1343,155969
2023-10-18 23:30:00,469.0,469.16,468.82,469.02,1065,155928
2023-10-18 23:35:00,469.02,469.42,468.94,469.42,1575,155961
2023-10-18 23:40:00,469.42,469.44,469.04,469.22,848,155870
2023-10-18 23:45:00,469.22,469.24,469.1,469.18,529,155825
2023-10-18 23:50:00,469.18,469.36,469.18,469.28,754,155842
2023-10-18 23:55:00,469.28,469.58,469.22,469.42,818,155806
2023-10-19 00:00:00,469.42,469.48,469.26,469.46,1805,156137
2023-10-19 00:05:00,469.46,469.7,469.46,469.62,2061,155873
2023-10-19 00:10:00,469.6,469.66,469.42,469.62,745,155921
2023-10-19 00:15:00,469.62,469.7,469.5,469.58,530,155924
2023-10-19 00:20:00,469.64,469.76,469.62,469.66,413,155926
2023-10-19 00:25:00,469.68,469.9,469.66,469.84,940,156044
2023-10-19 00:30:00,469.84,470.0,469.82,470.0,644,156062
2023-10-19 00:35:00,470.0,470.16,469.88,470.0,1412,156136
2023-10-19 00:40:00,470.0,470.14,469.96,470.06,481,156126
2023-10-19 00:45:00,470.06,470.12,469.96,470.06,400,156178
2023-10-19 00:50:00,470.06,470.38,470.0,470.34,786,156277
2023-10-19 00:55:00,470.36,470.38,470.12,470.14,664,156266
2023-10-19 01:00:00,470.14,470.16,470.04,470.16,351,156249
2023-10-19 01:05:00,470.14,470.64,470.1,470.52,1130,156236
2023-10-19 01:10:00,470.52,470.56,470.36,470.54,452,156241
2023-10-19 01:15:00,470.54,470.72,470.46,470.66,639,156249
2023-10-19 01:20:00,470.66,470.8,470.58,470.72,555,156263
2023-10-19 01:25:00,470.72,471.0,470.72,470.98,648,156259
2023-10-19 01:30:00,470.98,471.24,470.96,471.02,956,156224
2023-10-19 01:35:00,471.02,471.04,470.8,470.92,733,156244
2023-10-19 01:40:00,470.92,471.0,470.64,470.68,516,156274
2023-10-19 01:45:00,470.68,470.74,470.58,470.66,333,156348
2023-10-19 01:50:00,470.68,470.82,470.64,470.78,335,156352
2023-10-19 01:55:00,470.76,470.8,470.66,470.76,367,156297
2023-10-19 02:00:00,470.76,470.8,470.68,470.68,215,156292
2023-10-19 02:05:00,470.7,470.72,470.4,470.58,567,156244
2023-10-19 02:10:00,470.58,470.62,470.48,470.6,185,156231
2023-10-19 02:15:00,470.6,470.62,470.2,470.26,437,156138
2023-10-19 02:20:00,470.26,470.36,470.0,470.3,628,156080
2023-10-19 02:25:00,470.3,470.4,470.26,470.34,175,156074
2023-10-19 02:30:00,470.34,470.38,470.0,470.38,577,155930
2023-10-19 09:05:00,470.28,470.44,469.9,470.22,2030,155803
2023-10-19 09:10:00,470.22,470.28,469.9,470.24,1118,155827
2023-10-19 09:15:00,470.22,470.26,470.04,470.14,759,155706
2023-10-19 09:20:00,470.14,470.6,470.12,470.5,1180,155636
2023-10-19 09:25:00,470.52,470.7,470.4,470.4,2622,155713
2023-10-19 09:30:00,470.4,470.6,470.24,470.28,1003,155537
2023-10-19 09:35:00,470.32,470.36,470.14,470.32,929,155431
2023-10-19 09:40:00,470.3,470.4,469.9,469.92,1248,155219
2023-10-19 09:45:00,469.9,470.18,469.78,469.92,1022,154876
2023-10-19 09:50:00,469.94,470.12,469.94,470.04,856,154767
2023-10-19 09:55:00,470.04,470.14,469.98,470.02,840,154590
2023-10-19 10:00:00,470.02,470.12,470.02,470.02,476,154573
2023-10-19 10:05:00,470.04,470.26,470.0,470.08,518,154440
2023-10-19 10:10:00,470.08,470.1,470.02,470.08,294,154434
2023-10-19 10:15:00,470.04,470.2,469.96,470.1,612,154466
2023-10-19 10:35:00,470.12,470.14,469.94,469.98,622,154272
2023-10-19 10:40:00,470.0,470.16,469.98,470.04,515,154143
2023-10-19 10:45:00,470.04,470.18,469.98,470.16,503,154019
2023-10-19 10:50:00,470.16,470.38,470.14,470.24,947,153875
2023-10-19 10:55:00,470.24,470.38,470.16,470.28,593,153964
2023-10-19 11:00:00,470.26,470.64,470.2,470.56,826,153986
2023-10-19 11:05:00,470.54,470.72,470.54,470.64,858,154097
2023-10-19 11:10:00,470.64,470.8,470.52,470.62,785,154235
2023-10-19 11:15:00,470.58,470.66,470.52,470.6,311,154241
2023-10-19 11:20:00,470.6,470.68,470.34,470.5,681,154161
2023-10-19 11:25:00,470.5,470.72,470.46,470.46,629,154210
2023-10-19 11:30:00,470.5,470.62,470.44,470.56,730,154052
2023-10-19 13:35:00,470.56,470.92,470.56,470.6,1268,154135
2023-10-19 13:40:00,470.58,470.64,470.38,470.58,632,154131
2023-10-19 13:45:00,470.6,470.7,470.32,470.36,532,154131
2023-10-19 13:50:00,470.46,470.58,470.46,470.54,437,154145
2023-10-19 13:55:00,470.54,470.56,470.22,470.36,884,154136
2023-10-19 14:00:00,470.36,470.46,470.2,470.46,776,154096
2023-10-19 14:05:00,470.44,470.62,470.4,470.56,639,154164
2023-10-19 14:10:00,470.52,470.56,470.4,470.48,648,154246
2023-10-19 14:15:00,470.6,470.68,470.5,470.52,340,154274
2023-10-19 14:20:00,470.58,470.72,470.58,470.66,468,154386
2023-10-19 14:25:00,470.66,470.96,470.66,470.82,266,154338
2023-10-19 14:30:00,470.8,470.82,470.56,470.58,589,154322
2023-10-19 14:35:00,470.58,470.78,470.52,470.68,913,154531
2023-10-19 14:40:00,470.68,470.86,470.66,470.78,500,154487
2023-10-19 14:45:00,470.78,470.84,470.74,470.84,120,154459
2023-10-19 14:50:00,470.84,471.0,470.7,470.86,1118,154615
2023-10-19 14:55:00,470.86,471.14,470.82,470.94,1259,154518
2023-10-19 15:00:00,471.12,471.26,471.08,471.26,400,154367
2023-10-19 21:05:00,472.32,472.36,471.78,471.94,3986,154399
2023-10-19 21:10:00,471.94,472.22,471.86,472.2,2096,154831
2023-10-19 21:15:00,472.18,472.28,471.58,471.72,1800,154998
2023-10-19 21:20:00,471.74,471.92,471.68,471.9,1208,155120
2023-10-19 21:25:00,471.92,472.06,471.72,471.96,1110,155161
2023-10-19 21:30:00,471.94,471.98,471.68,471.82,1126,155325
2023-10-19 21:35:00,471.76,471.82,471.46,471.72,1578,155409
2023-10-19 21:40:00,471.74,472.08,471.56,471.96,1950,155461
2023-10-19 21:45:00,471.96,472.22,471.9,472.16,1728,155615
2023-10-19 21:50:00,472.18,472.64,472.16,472.48,2884,156237
2023-10-19 21:55:00,472.48,472.48,471.98,472.0,1724,156042
2023-10-19 22:00:00,472.0,472.32,472.0,472.26,1065,156137
2023-10-19 22:05:00,472.28,472.34,471.92,472.02,1563,156168
2023-10-19 22:10:00,472.04,472.1,471.74,471.96,1725,155941
2023-10-19 22:15:00,471.98,472.0,471.48,471.76,1413,155876
2023-10-19 22:20:00,471.76,471.78,471.54,471.68,863,155971
2023-10-19 22:25:00,471.68,471.84,471.52,471.74,1038,155993
2023-10-19 22:30:00,471.74,471.84,471.66,471.76,503,155889
2023-10-19 22:35:00,471.76,472.08,471.7,471.96,1142,155875
2023-10-19 22:40:00,471.96,471.98,471.58,471.62,930,155897
2023-10-19 22:45:00,471.6,471.92,471.46,471.78,1444,156104
2023-10-19 22:50:00,471.78,471.92,471.76,471.84,604,156139
2023-10-19 22:55:00,471.8,471.84,471.6,471.66,611,156098
2023-10-19 23:00:00,471.66,471.8,471.62,471.74,737,156134
2023-10-19 23:05:00,471.74,471.92,471.7,471.82,709,156173
2023-10-19 23:10:00,471.82,472.22,471.8,472.14,1512,156187
2023-10-19 23:15:00,472.16,472.42,472.1,472.4,1404,156308
2023-10-19 23:20:00,472.4,472.6,472.34,472.48,1591,156674
2023-10-19 23:25:00,472.48,472.86,472.34,472.8,2241,156802
2023-10-19 23:30:00,472.8,472.96,472.72,472.78,1233,156998
2023-10-19 23:35:00,472.76,473.66,472.76,473.4,3233,157200
2023-10-19 23:40:00,473.38,473.88,473.38,473.64,2544,157591
2023-10-19 23:45:00,473.62,473.68,473.52,473.6,1303,157702
2023-10-19 23:50:00,473.62,473.64,473.0,473.16,1930,157462
2023-10-19 23:55:00,473.14,473.3,472.9,472.96,1418,157454
2023-10-20 00:00:00,472.94,473.16,472.94,473.12,858,157371
2023-10-20 00:05:00,473.12,473.84,472.74,473.28,3952,157340
2023-10-20 00:10:00,473.28,473.6,473.1,473.32,1611,157419
2023-10-20 00:15:00,473.32,473.64,473.24,473.52,950,157428
2023-10-20 00:20:00,473.52,473.6,473.34,473.5,640,157433
2023-10-20 00:25:00,473.5,473.56,473.22,473.22,842,157496
2023-10-20 00:30:00,473.24,473.24,472.74,472.9,1610,157495
2023-10-20 00:35:00,472.9,473.08,472.4,472.46,1332,157316
2023-10-20 00:40:00,472.48,472.58,472.06,472.56,2571,157300
2023-10-20 00:45:00,472.6,472.92,472.6,472.82,1464,157214
2023-10-20 00:50:00,472.82,473.1,472.78,473.1,1125,157187
2023-10-20 00:55:00,473.1,473.5,473.04,473.44,1370,157286
2023-10-20 01:00:00,473.44,473.74,473.22,473.68,1514,157373
2023-10-20 01:05:00,473.72,473.78,473.54,473.68,1115,157506
2023-10-20 01:10:00,473.68,474.12,473.64,473.96,1982,157584
2023-10-20 01:15:00,473.96,474.2,473.76,473.84,1152,157718
2023-10-20 01:20:00,473.84,474.4,473.64,474.28,1450,157666
2023-10-20 01:25:00,474.3,475.5,474.18,474.74,4106,157677
2023-10-20 01:30:00,474.74,474.92,474.58,474.82,1230,157656
2023-10-20 01:35:00,474.82,475.7,474.82,475.7,2155,157698
2023-10-20 01:40:00,475.7,475.74,475.18,475.24,1371,157805
2023-10-20 01:45:00,475.24,475.46,475.16,475.38,702,157832
2023-10-20 01:50:00,475.38,475.38,475.08,475.28,850,157752
2023-10-20 01:55:00,475.34,475.72,475.32,475.5,1214,157761
2023-10-20 02:00:00,475.5,475.92,475.48,475.7,1067,157764
2023-10-20 02:05:00,475.76,476.08,475.68,476.0,1265,157788
2023-10-20 02:10:00,476.0,476.18,475.6,475.76,1133,157785
2023-10-20 02:15:00,475.76,476.02,475.7,475.98,557,157771
2023-10-20 02:20:00,475.98,476.0,475.68,475.72,640,157749
2023-10-20 02:25:00,475.72,475.74,475.24,475.24,1032,157668
2023-10-20 02:30:00,475.24,475.84,475.16,475.8,1613,157235
2023-10-20 09:05:00,476.02,476.7,475.86,475.86,5763,157862
2023-10-20 09:10:00,475.86,475.9,475.52,475.6,2596,158064
2023-10-20 09:15:00,475.6,475.94,475.28,475.88,2430,158277
2023-10-20 09:20:00,475.92,476.18,475.76,475.96,1886,158244
2023-10-20 09:25:00,475.9,475.96,475.68,475.8,1696,158099
2023-10-20 09:30:00,475.8,475.94,475.46,475.5,1674,157974
2023-10-20 09:35:00,475.48,475.7,475.36,475.62,1281,158001
2023-10-20 09:40:00,475.58,476.04,475.58,476.04,1558,157931
2023-10-20 09:45:00,476.02,476.28,475.96,476.06,1720,157735
2023-10-20 09:50:00,476.04,476.14,475.98,476.06,856,157620
2023-10-20 09:55:00,476.1,476.48,476.08,476.24,1174,157775
2023-10-20 10:00:00,476.34,476.88,476.34,476.68,2420,158044
2023-10-20 10:05:00,476.6,477.02,476.5,477.02,1460,158413
2023-10-20 10:10:00,477.2,477.28,476.86,476.98,1438,158309
2023-10-20 10:15:00,476.96,476.96,476.62,476.76,1094,158210
2023-10-20 10:35:00,476.78,477.0,476.62,477.0,1832,158359
2023-10-20 10:40:00,477.02,477.04,476.76,476.82,1001,158347
2023-10-20 10:45:00,476.82,477.1,476.74,477.02,814,158431
2023-10-20 10:50:00,477.02,477.16,477.0,477.1,740,158470
2023-10-20 10:55:00,477.1,477.56,477.08,477.36,1701,158758
2023-10-20 11:00:00,477.36,477.4,477.06,477.1,736,158831
2023-10-20 11:05:00,476.88,477.24,476.86,477.16,1055,158547
2023-10-20 11:10:00,477.14,477.2,476.46,476.54,1448,158305
2023-10-20 11:15:00,476.62,476.72,476.52,476.64,662,158186
2023-10-20 11:20:00,476.64,476.7,476.46,476.58,665,158194
2023-10-20 11:25:00,476.6,476.74,476.38,476.4,646,158123
2023-10-20 11:30:00,476.38,476.7,476.32,476.68,1072,158193
2023-10-20 13:35:00,476.72,477.06,476.7,476.94,1626,158277
2023-10-20 13:40:00,476.94,476.94,476.66,476.74,892,158252
2023-10-20 13:45:00,476.74,476.8,476.54,476.76,831,158233
2023-10-20 13:50:00,476.76,476.84,476.54,476.8,700,158231
2023-10-20 13:55:00,476.78,476.9,476.6,476.74,694,158229
2023-10-20 14:00:00,476.74,477.06,476.74,477.04,602,158223
2023-10-20 14:05:00,477.04,477.14,476.98,476.98,378,158380
2023-10-20 14:10:00,477.0,477.42,477.0,477.4,1061,158592
2023-10-20 14:15:00,477.38,477.4,477.16,477.18,654,158115
2023-10-20 14:20:00,477.16,477.2,476.94,476.96,1202,158153
2023-10-20 14:25:00,476.96,477.06,476.76,476.88,1395,158219
2023-10-20 14:30:00,476.88,476.92,476.6,476.62,606,158023
2023-10-20 14:35:00,476.46,476.54,476.08,476.16,1075,157949
2023-10-20 14:40:00,476.14,476.5,476.08,476.1,1773,157996
2023-10-20 14:45:00,476.08,476.28,475.92,476.0,2065,157654
2023-10-20 14:50:00,476.02,476.16,475.98,476.12,404,157642
2023-10-20 14:55:00,476.14,476.64,476.12,476.62,1002,157471
2023-10-20 15:00:00,476.62,476.72,476.44,476.68,803,157375
2023-10-20 21:05:00,475.66,476.32,475.4,476.02,3566,157760
2023-10-20 21:10:00,476.02,476.1,475.68,475.86,1915,157656
2023-10-20 21:15:00,475.86,476.46,475.82,476.34,1859,157794
2023-10-20 21:20:00,476.34,476.4,476.08,476.08,1302,157869
2023-10-20 21:25:00,476.08,476.44,476.08,476.1,1045,157926
2023-10-20 21:30:00,476.1,476.32,476.08,476.2,766,157922
2023-10-20 21:35:00,476.16,476.56,476.08,476.42,1321,157931
2023-10-20 21:40:00,476.42,476.48,476.12,476.24,1007,157899
2023-10-20 21:45:00,476.24,476.26,475.96,476.22,1324,157894
2023-10-20 21:50:00,476.22,476.98,476.22,476.7,2746,157866
2023-10-20 21:55:00,476.76,477.1,476.72,477.1,2344,158119
2023-10-20 22:00:00,477.12,477.48,476.94,477.4,2790,158398
2023-10-20 22:05:00,477.4,477.84,477.4,477.48,3371,158496
2023-10-20 22:10:00,477.5,478.48,477.48,478.1,3880,158791
2023-10-20 22:15:00,478.1,478.56,477.78,478.4,3075,158671
2023-10-20 22:20:00,478.4,478.4,477.32,477.46,3754,158366
2023-10-20 22:25:00,477.44,477.8,477.44,477.68,1375,158396
2023-10-20 22:30:00,477.68,478.04,477.68,478.02,1360,158367
2023-10-20 22:35:00,478.02,478.38,478.02,478.18,1596,158483
2023-10-20 22:40:00,478.18,478.2,477.82,478.16,1294,158503
2023-10-20 22:45:00,478.16,478.18,477.96,477.96,1007,158537
2023-10-20 22:50:00,477.98,478.1,477.82,477.9,773,158503
2023-10-20 22:55:00,477.9,478.18,477.72,478.18,1486,158575
2023-10-20 23:00:00,478.18,478.36,477.98,478.26,1842,158729
2023-10-20 23:05:00,478.24,478.74,478.02,478.5,2395,159180
2023-10-20 23:10:00,478.52,479.06,478.52,479.02,2885,159838
2023-10-20 23:15:00,479.04,479.1,478.74,479.02,2185,159996
2023-10-20 23:20:00,479.02,479.32,478.78,478.8,2372,160093
2023-10-20 23:25:00,478.82,479.42,478.82,479.28,1931,160290
2023-10-20 23:30:00,479.28,479.36,479.04,479.18,1435,160345
2023-10-20 23:35:00,479.18,479.2,478.7,478.8,2101,160241
2023-10-20 23:40:00,478.8,479.06,478.78,478.92,1275,160256
2023-10-20 23:45:00,478.92,479.14,478.78,479.06,1166,160234
2023-10-20 23:50:00,479.06,479.12,478.84,478.9,783,160194
2023-10-20 23:55:00,478.9,478.94,478.62,478.74,1332,160139
2023-10-21 00:05:00,478.6,478.76,478.06,478.2,1861,159949
2023-10-21 00:10:00,478.14,478.32,477.84,478.28,2079,159682
2023-10-21 00:15:00,478.28,478.36,478.08,478.2,848,159657
2023-10-21 00:20:00,478.2,478.5,478.02,478.46,1339,159720
2023-10-21 00:25:00,478.46,478.46,478.22,478.34,905,159763
2023-10-21 00:30:00,478.34,478.46,478.3,478.46,665,159728
2023-10-21 00:35:00,478.44,478.52,478.4,478.44,642,159697
2023-10-21 00:40:00,478.44,478.66,478.36,478.36,770,159776
2023-10-21 00:45:00,478.36,478.4,478.2,478.28,589,159725
2023-10-21 00:50:00,478.28,478.3,477.58,477.62,1420,159547
2023-10-21 00:55:00,477.6,477.66,476.92,477.18,2339,159243
2023-10-21 01:00:00,477.16,477.24,476.52,476.78,1770,159085
2023-10-21 01:05:00,476.78,477.1,476.56,477.02,1376,159151
2023-10-21 01:10:00,477.0,477.28,476.78,477.22,1233,159083
2023-10-21 01:15:00,477.2,477.52,477.2,477.4,1149,159137
2023-10-21 01:20:00,477.4,477.42,475.18,475.26,4360,158586
2023-10-21 01:25:00,475.26,475.96,475.18,475.84,2711,158410
2023-10-21 01:30:00,475.78,476.7,475.72,476.48,1841,158388
2023-10-21 01:35:00,476.46,476.56,476.3,476.36,1116,158369
2023-10-21 01:40:00,476.38,476.72,476.24,476.7,1174,158399
2023-10-21 01:45:00,476.74,476.94,476.62,476.8,900,158372
2023-10-21 01:50:00,476.8,476.8,476.54,476.54,705,158319
2023-10-21 01:55:00,476.54,476.82,476.22,476.68,967,158272
2023-10-21 02:00:00,476.68,476.7,476.34,476.48,706,158189
2023-10-21 02:05:00,476.48,476.54,476.04,476.12,1078,158111
2023-10-21 02:10:00,476.12,476.24,476.04,476.16,507,158152
2023-10-21 02:15:00,476.2,476.28,475.68,475.72,1511,157983
2023-10-21 02:20:00,475.76,476.2,475.72,476.1,880,157943
2023-10-21 02:25:00,476.06,476.22,475.82,475.94,842,157849
2023-10-21 02:30:00,475.94,476.3,475.92,476.18,928,157553
2023-10-23 00:00:00,478.74,478.74,478.34,478.6,1650,160069
2023-10-23 09:05:00,474.44,474.44,473.58,473.92,7587,156766
2023-10-23 09:10:00,473.92,474.08,473.62,474.0,3692,156650
2023-10-23 09:15:00,474.0,474.54,474.0,474.18,2423,156577
2023-10-23 09:20:00,474.18,474.3,473.8,474.16,2201,156132
2023-10-23 09:25:00,474.16,474.38,474.12,474.24,1348,155960
2023-10-23 09:30:00,474.24,474.24,473.7,474.0,2114,155646
2023-10-23 09:35:00,474.0,474.36,473.96,474.34,1577,155538
2023-10-23 09:40:00,474.32,474.92,474.2,474.82,2277,155683
2023-10-23 09:45:00,474.8,474.92,474.62,474.82,788,155859
2023-10-23 09:50:00,474.78,474.78,474.4,474.4,134155,155735
2023-10-23 09:55:00,474.34,474.46,474.26,474.46,772,155455
2023-10-23 10:00:00,474.46,474.56,474.3,474.46,697,155551
2023-10-23 10:05:00,474.8,474.94,474.7,474.78,1041,155780
2023-10-23 10:10:00,474.82,475.14,474.68,475.08,1344,155937
2023-10-23 10:15:00,475.04,475.38,475.04,475.2,1016,155831
2023-10-23 10:35:00,475.36,475.62,475.0,475.56,1823,155703
2023-10-23 10:40:00,475.58,475.92,475.5,475.78,1902,155967
2023-10-23 10:45:00,475.76,476.08,475.64,475.92,1584,156032
2023-10-23 10:50:00,475.92,475.94,475.66,475.84,944,156080
2023-10-23 10:55:00,475.88,476.18,475.74,476.08,1306,156166
2023-10-23 11:00:00,476.08,476.2,475.9,475.98,1005,156236
2023-10-23 11:05:00,475.96,476.12,475.86,475.94,740,156254
2023-10-23 11:10:00,475.94,476.4,475.66,476.4,1481,156165
2023-10-23 11:15:00,476.4,476.44,476.12,476.26,1501,156543
2023-10-23 11:20:00,476.28,476.54,476.04,476.12,1252,156706
2023-10-23 11:25:00,476.1,476.18,475.9,475.94,594,156631
2023-10-23 11:30:00,475.94,476.0,475.74,475.86,696,156503
2023-10-23 13:35:00,475.84,476.16,475.68,475.92,1366,156607
2023-10-23 13:40:00,475.92,476.16,475.78,476.12,688,156562
2023-10-23 13:45:00,476.2,476.3,476.1,476.14,753,156616
2023-10-23 13:50:00,476.1,476.1,475.88,476.0,811,156594
2023-10-23 13:55:00,476.02,476.28,476.0,476.16,927,156654
2023-10-23 14:00:00,476.18,476.28,476.16,476.16,739,156883
2023-10-23 14:05:00,476.16,476.26,476.08,476.14,728,156812
2023-10-23 14:10:00,476.14,476.22,476.04,476.14,687,156788
2023-10-23 14:15:00,476.16,476.2,476.0,476.08,661,156626
2023-10-23 14:20:00,476.08,476.42,476.08,476.38,911,156938
2023-10-23 14:25:00,476.38,476.62,476.32,476.46,1511,156852
2023-10-23 14:30:00,476.46,476.6,476.28,476.34,815,156830
2023-10-23 14:35:00,476.34,476.34,476.12,476.26,938,156685
2023-10-23 14:40:00,476.26,476.36,475.84,475.94,1083,156478
2023-10-23 14:45:00,475.98,475.98,475.72,475.74,452,156374
2023-10-23 14:50:00,475.72,475.94,475.68,475.94,959,156289
2023-10-23 14:55:00,475.92,476.04,475.82,476.02,1343,156000
2023-10-23 15:00:00,476.02,476.02,476.0,476.0,29,155737
2023-10-23 21:05:00,475.9,476.58,475.9,476.58,2394,156132
2023-10-23 21:10:00,476.54,476.7,476.3,476.46,1365,156182
2023-10-23 21:15:00,476.5,476.66,476.24,476.38,1234,156272
2023-10-23 21:20:00,476.38,476.46,476.1,476.14,1193,156176
2023-10-23 21:25:00,476.16,476.4,475.82,476.24,2309,155965
2023-10-23 21:30:00,476.24,476.24,476.08,476.12,696,155922
2023-10-23 21:35:00,476.14,476.14,475.58,475.74,11185,155921
2023-10-23 21:40:00,475.72,475.82,475.26,475.52,2814,156007
2023-10-23 21:45:00,475.52,475.6,474.58,474.58,3201,156033
2023-10-23 21:50:00,474.58,475.12,474.56,474.88,3124,156089
2023-10-23 21:55:00,474.92,475.38,474.92,475.32,2403,156058
2023-10-23 22:00:00,475.34,475.46,475.12,475.36,24071,156055
2023-10-23 22:05:00,475.34,475.38,474.88,474.98,1644,156069
2023-10-23 22:10:00,474.98,475.2,474.9,475.2,933,156002
2023-10-23 22:15:00,475.18,475.4,475.06,475.12,1101,156032
2023-10-23 22:20:00,475.12,475.42,474.96,475.36,1142,156083
2023-10-23 22:25:00,475.36,475.64,475.28,475.6,1315,156121
2023-10-23 22:30:00,475.62,475.84,475.48,475.76,1766,156242
2023-10-23 22:35:00,475.78,475.98,475.66,475.9,1584,156256
2023-10-23 22:40:00,475.94,475.98,475.64,475.66,1047,156160
2023-10-23 22:45:00,475.66,475.98,475.64,475.9,829,156116
2023-10-23 22:50:00,475.92,475.96,475.66,475.78,780,156050
2023-10-23 22:55:00,475.78,476.14,475.66,476.14,837,156061
2023-10-23 23:00:00,476.12,476.16,475.74,475.74,1086,156089
2023-10-23 23:05:00,475.76,476.0,475.76,475.96,727,156191
2023-10-23 23:10:00,475.96,476.04,475.88,476.02,584,156249
2023-10-23 23:15:00,476.02,476.14,475.86,475.86,731,156313
2023-10-23 23:20:00,475.86,475.96,475.78,475.82,642,156319
2023-10-23 23:25:00,475.82,475.96,475.82,475.94,288,156331
2023-10-23 23:30:00,475.92,476.06,475.78,475.84,570,156336
2023-10-23 23:35:00,475.84,476.0,475.8,475.9,368,156309
2023-10-23 23:40:00,475.9,475.92,475.28,475.3,1365,156179
2023-10-23 23:45:00,475.3,475.48,475.18,475.34,1009,156183
2023-10-23 23:50:00,475.32,475.44,475.08,475.12,1020,156146
2023-10-23 23:55:00,475.1,475.3,475.1,475.26,666,156162
2023-10-24 00:00:00,475.26,475.3,474.94,475.28,874,156102
2023-10-24 00:05:00,475.28,475.28,475.04,475.24,601,156088
2023-10-24 00:10:00,475.24,475.42,475.14,475.4,749,156008
2023-10-24 00:15:00,475.4,475.44,475.28,475.3,323,155964
2023-10-24 00:20:00,475.3,475.32,475.14,475.32,472,156046
2023-10-24 00:25:00,475.32,475.7,475.3,475.6,851,156090
2023-10-24 00:30:00,475.62,475.74,475.54,475.7,463,156057
2023-10-24 00:35:00,475.7,475.96,475.7,475.88,571,155995
2023-10-24 00:40:00,475.88,475.94,475.48,475.5,917,155970
2023-10-24 00:45:00,475.5,475.7,475.48,475.6,337,155984
2023-10-24 00:50:00,475.6,475.62,475.34,475.36,464,155931
2023-10-24 00:55:00,475.36,475.54,475.24,475.36,442,155875
2023-10-24 01:00:00,475.36,475.38,475.08,475.08,763,155884
2023-10-24 01:05:00,475.04,475.14,474.9,474.94,1197,155818
2023-10-24 01:10:00,474.94,475.04,474.72,474.94,1084,155723
2023-10-24 01:15:00,474.94,475.28,474.94,475.24,823,155663
2023-10-24 01:20:00,475.28,475.46,475.24,475.42,669,155704
2023-10-24 01:25:00,475.44,475.46,475.14,475.18,716,155603
2023-10-24 01:30:00,475.18,475.34,475.0,475.26,548,155568
2023-10-24 01:35:00,475.28,475.38,475.06,475.12,372,155555
2023-10-24 01:40:00,475.12,475.26,475.02,475.26,312,155518
2023-10-24 01:45:00,475.26,475.36,475.2,475.26,496,155481
2023-10-24 01:50:00,475.26,475.4,475.24,475.28,180,155450
2023-10-24 01:55:00,475.32,475.38,475.2,475.24,164,155421
2023-10-24 02:00:00,475.24,475.28,475.18,475.24,91,155409
2023-10-24 02:05:00,475.26,475.32,475.18,475.24,170,155407
2023-10-24 02:10:00,475.24,475.36,475.18,475.26,107,155388
2023-10-24 02:15:00,475.26,475.32,475.16,475.18,203,155384
2023-10-24 02:20:00,475.2,475.34,475.18,475.22,182,155354
2023-10-24 02:25:00,475.22,475.32,475.16,475.32,122,155320
2023-10-24 02:30:00,475.32,475.46,475.28,475.46,355,155225
2023-10-24 09:05:00,474.72,475.1,474.6,475.02,2757,155068
2023-10-24 09:10:00,475.02,475.34,474.82,475.3,1131,155051
2023-10-24 09:15:00,475.3,475.68,475.24,475.54,1527,155013
2023-10-24 09:20:00,475.54,475.76,475.42,475.68,1204,154766
2023-10-24 09:25:00,475.68,475.7,475.44,475.54,875,154763
2023-10-24 09:30:00,475.54,475.56,475.32,475.5,664,154533
2023-10-24 09:35:00,475.5,475.54,475.3,475.5,756,154296
2023-10-24 09:40:00,475.5,475.74,475.48,475.66,265,154260
2023-10-24 09:45:00,475.66,475.78,475.62,475.7,268,154357
2023-10-24 09:50:00,475.76,475.84,475.68,475.78,1009,154473
2023-10-24 09:55:00,475.78,475.82,475.52,475.58,846,154527
2023-10-24 10:00:00,475.62,475.8,475.56,475.76,452,154558
2023-10-24 10:05:00,475.78,475.78,475.58,475.68,262,154492
2023-10-24 10:10:00,475.68,475.68,475.54,475.68,179,154417
2023-10-24 10:15:00,475.82,475.84,475.76,475.8,85,154401
2023-10-24 10:35:00,475.94,475.96,475.68,475.76,1517,154412
2023-10-24 10:40:00,475.74,475.8,475.44,475.52,1513,153972
2023-10-24 10:45:00,475.52,475.52,475.18,475.2,1450,153632
2023-10-24 10:50:00,475.28,475.46,475.28,475.36,428,153533
2023-10-24 10:55:00,475.36,475.46,475.18,475.26,767,153311
2023-10-24 11:00:00,475.22,475.24,475.1,475.1,459,153021
2023-10-24 11:05:00,475.08,475.28,475.06,475.28,301,152945
2023-10-24 11:10:00,475.26,475.3,475.18,475.2,911,152959
2023-10-24 11:15:00,475.22,475.32,475.0,475.0,1190,152865
2023-10-24 11:20:00,475.0,475.06,474.9,474.96,1028,152750
2023-10-24 11:25:00,474.96,475.18,474.96,475.14,700,152843
2023-10-24 11:30:00,475.16,475.16,475.08,475.1,408,152776
2023-10-24 13:35:00,474.96,475.32,474.96,475.14,997,152881
2023-10-24 13:40:00,475.12,475.14,475.0,475.1,540,152812
2023-10-24 13:45:00,475.1,475.24,475.1,475.2,329,152785
2023-10-24 13:50:00,475.2,475.26,474.96,475.0,637,152808
2023-10-24 13:55:00,475.0,475.12,474.94,475.1,446,152898
2023-10-24 14:00:00,475.1,475.26,475.06,475.24,342,152866
2023-10-24 14:05:00,475.24,475.46,475.18,475.34,1048,152811
2023-10-24 14:10:00,475.38,475.42,475.22,475.24,586,152880
2023-10-24 14:15:00,475.26,475.32,475.18,475.24,276,152825
2023-10-24 14:20:00,475.24,475.28,475.16,475.24,199,152778
2023-10-24 14:25:00,475.28,475.46,475.28,475.4,747,152811
2023-10-24 14:30:00,475.4,475.4,475.22,475.36,584,152769
2023-10-24 14:35:00,475.38,475.4,475.1,475.12,458,152751
2023-10-24 14:40:00,475.18,475.32,475.16,475.3,841,152668
2023-10-24 14:45:00,475.3,475.52,475.28,475.4,1022,152493
2023-10-24 14:50:00,475.4,475.44,475.24,475.26,492,152435
2023-10-24 14:55:00,475.26,475.42,475.24,475.28,870,152471
2023-10-24 15:00:00,475.22,475.34,475.2,475.2,665,152330
2023-10-24 21:05:00,473.58,473.98,473.54,473.82,5484,152362
2023-10-24 21:10:00,473.8,473.94,473.46,473.72,2564,152241
2023-10-24 21:15:00,473.72,473.94,473.58,473.86,1399,152090
2023-10-24 21:20:00,473.86,474.04,473.66,473.84,1579,152004
2023-10-24 21:25:00,473.84,473.86,473.14,473.28,14011,151953
2023-10-24 21:30:00,473.28,473.3,472.66,472.84,3530,151679
2023-10-24 21:35:00,472.86,473.08,472.38,472.46,3150,151478
2023-10-24 21:40:00,472.44,472.84,472.24,472.74,3157,151547
2023-10-24 21:45:00,472.74,472.98,472.56,472.86,2054,151483
2023-10-24 21:50:00,472.7,473.34,472.24,473.12,5521,151413
2023-10-24 21:55:00,473.12,473.14,472.64,472.8,2319,151428
2023-10-24 22:00:00,472.8,473.08,472.76,472.86,1598,151443
2023-10-24 22:05:00,472.9,472.94,472.66,472.74,1488,151328
2023-10-24 22:10:00,472.74,473.06,472.66,472.96,1384,151302
2023-10-24 22:15:00,472.96,473.06,472.78,472.84,922,151246
2023-10-24 22:20:00,472.86,473.04,472.7,472.94,885,151203
2023-10-24 22:25:00,472.94,472.98,472.62,472.74,1046,151129
2023-10-24 22:30:00,472.74,472.9,472.62,472.78,876,151061
2023-10-24 22:35:00,472.78,472.88,472.68,472.72,1105,151164
2023-10-24 22:40:00,472.7,472.74,472.46,472.54,1872,151434
2023-10-24 22:45:00,472.52,472.68,472.46,472.6,838,151443
2023-10-24 22:50:00,472.6,472.9,472.58,472.88,1127,151405
2023-10-24 22:55:00,472.88,473.1,472.78,473.08,1451,151475
2023-10-24 23:00:00,473.08,473.1,472.86,472.96,818,151555
2023-10-24 23:05:00,472.94,472.94,472.6,472.66,1052,151703
2023-10-24 23:10:00,472.64,472.94,472.6,472.82,901,151676
2023-10-24 23:15:00,472.82,472.88,472.66,472.78,627,151743
2023-10-24 23:20:00,472.78,472.9,472.66,472.84,592,151758
2023-10-24 23:25:00,472.84,472.96,472.74,472.96,497,151717
2023-10-24 23:30:00,472.96,473.1,472.92,473.06,743,151853
2023-10-24 23:35:00,473.08,473.1,472.84,472.86,594,151820
2023-10-24 23:40:00,472.86,473.2,472.84,473.18,817,151929
2023-10-24 23:45:00,473.18,473.4,473.12,473.16,1052,152037
2023-10-24 23:50:00,473.18,473.54,473.16,473.42,1124,152084
2023-10-24 23:55:00,473.42,473.78,473.42,473.76,1182,152158
2023-10-25 00:00:00,473.76,473.96,473.66,473.9,1282,152156
2023-10-25 00:05:00,473.92,473.94,473.68,473.72,968,152113
2023-10-25 00:10:00,473.72,473.82,473.7,473.72,513,152206
2023-10-25 00:15:00,473.72,473.86,473.64,473.78,526,152235
2023-10-25 00:20:00,473.78,474.24,473.74,474.2,1178,152160
2023-10-25 00:25:00,474.24,474.42,474.1,474.14,933,152206
2023-10-25 00:30:00,474.16,474.32,474.12,474.28,570,152193
2023-10-25 00:35:00,474.28,474.8,474.28,474.58,1597,152203
2023-10-25 00:40:00,474.58,474.76,474.56,474.72,614,152207
2023-10-25 00:45:00,474.72,474.96,474.72,474.88,925,152207
2023-10-25 00:50:00,474.86,474.9,474.38,474.4,1123,152134
2023-10-25 00:55:00,474.4,474.56,474.38,474.5,660,152216
2023-10-25 01:00:00,474.5,474.56,474.36,474.42,451,152129
2023-10-25 01:05:00,474.42,474.52,474.32,474.34,470,152170
2023-10-25 01:10:00,474.32,474.42,474.26,474.42,426,152169
2023-10-25 01:15:00,474.42,474.62,474.38,474.48,475,152151
2023-10-25 01:20:00,474.48,474.5,474.34,474.38,220,152157
2023-10-25 01:25:00,474.38,474.48,474.34,474.42,279,152134
2023-10-25 01:30:00,474.42,474.42,474.16,474.3,382,152136
2023-10-25 01:35:00,474.3,474.4,474.26,474.36,256,152136
2023-10-25 01:40:00,474.36,474.4,474.28,474.38,149,152121
2023-10-25 01:45:00,474.38,474.5,474.38,474.48,207,152144
2023-10-25 01:50:00,474.48,474.76,474.48,474.68,411,152092
2023-10-25 01:55:00,474.7,474.7,474.46,474.48,273,152044
2023-10-25 02:00:00,474.48,474.6,474.46,474.5,276,152033
2023-10-25 02:05:00,474.48,474.54,474.44,474.52,146,151988
2023-10-25 02:10:00,474.52,474.56,474.26,474.26,312,151913
2023-10-25 02:15:00,474.24,474.36,474.22,474.3,175,151908
2023-10-25 02:20:00,474.3,474.5,474.28,474.44,275,151853
2023-10-25 02:25:00,474.42,474.42,474.26,474.3,163,151821
2023-10-25 02:30:00,474.3,474.4,474.26,474.34,490,151673
2023-10-25 09:05:00,474.24,474.68,474.18,474.2,2169,151517
2023-10-25 09:10:00,474.22,474.26,473.88,474.04,2898,151046
2023-10-25 09:15:00,474.08,474.22,473.9,474.14,1602,150856
2023-10-25 09:20:00,474.14,474.5,474.12,474.42,989,150714
2023-10-25 09:25:00,474.42,474.6,474.3,474.52,1672,150531
2023-10-25 09:30:00,474.48,474.74,474.36,474.38,1327,150556
2023-10-25 09:35:00,474.38,474.54,474.36,474.4,775,150417
2023-10-25 09:40:00,474.38,474.6,474.3,474.54,724,150300
2023-10-25 09:45:00,474.54,474.74,474.5,474.7,648,150304
2023-10-25 09:50:00,474.7,474.94,474.54,474.76,925,150262
2023-10-25 09:55:00,474.8,475.12,474.7,475.1,1191,150232
2023-10-25 10:00:00,475.1,475.34,475.1,475.14,1663,150248
2023-10-25 10:05:00,475.14,475.14,474.96,475.02,458,149895
2023-10-25 10:10:00,475.02,475.12,474.94,474.96,589,149813
2023-10-25 10:15:00,475.06,475.14,474.96,474.98,298,149683
2023-10-25 10:35:00,475.0,475.28,474.96,475.22,1026,149528
2023-10-25 10:40:00,475.22,475.28,474.94,474.96,1101,149391
2023-10-25 10:45:00,474.94,474.94,474.82,474.86,740,149278
2023-10-25 10:50:00,474.82,474.9,474.64,474.66,993,149235
2023-10-25 10:55:00,474.62,474.72,474.36,474.36,1386,149060
2023-10-25 11:00:00,474.38,474.72,474.34,474.7,983,148828
2023-10-25 11:05:00,474.7,474.8,474.6,474.76,499,148770
2023-10-25 11:10:00,474.76,474.78,474.62,474.64,383,148686
2023-10-25 11:15:00,474.62,474.68,474.38,474.38,686,148591
2023-10-25 11:20:00,474.38,474.56,474.38,474.4,544,148521
2023-10-25 11:25:00,474.38,474.48,474.3,474.3,1950,148422
2023-10-25 11:30:00,474.32,474.38,474.22,474.28,691,148192
2023-10-25 13:35:00,474.28,474.58,474.28,474.38,663,148178
2023-10-25 13:40:00,474.38,474.42,474.22,474.28,388,148067
2023-10-25 13:45:00,474.28,474.48,474.26,474.36,502,147997
2023-10-25 13:50:00,474.36,474.44,474.2,474.34,622,147890
2023-10-25 13:55:00,474.34,474.5,474.34,474.34,413,147826
2023-10-25 14:00:00,474.32,474.36,474.06,474.18,958,147679
2023-10-25 14:05:00,474.18,474.4,474.18,474.38,568,147674
2023-10-25 14:10:00,474.38,474.52,474.36,474.44,618,147693
2023-10-25 14:15:00,474.44,474.68,474.44,474.68,713,147682
2023-10-25 14:20:00,474.68,474.78,474.62,474.64,639,147698
2023-10-25 14:25:00,474.68,474.76,474.56,474.74,523,147631
2023-10-25 14:30:00,474.74,474.76,474.58,474.6,619,147644
2023-10-25 14:35:00,474.6,474.6,474.4,474.5,660,147564
2023-10-25 14:40:00,474.52,474.54,474.32,474.46,409,147489
2023-10-25 14:45:00,474.46,474.52,474.34,474.46,459,147460
2023-10-25 14:50:00,474.46,474.48,474.2,474.22,727,147264
2023-10-25 14:55:00,474.2,474.36,474.14,474.2,836,147141
2023-10-25 15:00:00,474.2,474.24,473.92,473.92,858,146892
2023-10-25 21:05:00,474.66,475.18,474.66,475.04,4268,147038
2023-10-25 21:10:00,475.06,475.34,474.92,475.2,1956,147425
2023-10-25 21:15:00,475.22,475.68,475.2,475.52,2571,147890
2023-10-25 21:20:00,475.56,475.6,475.3,475.3,1509,147998
2023-10-25 21:25:00,475.3,475.4,475.22,475.34,918,148095
2023-10-25 21:30:00,475.36,475.6,475.32,475.6,917,148259
2023-10-25 21:35:00,475.54,476.06,475.5,475.72,3059,148575
2023-10-25 21:40:00,475.74,475.9,475.42,475.58,1981,148683
2023-10-25 21:45:00,475.54,475.88,475.28,475.82,2207,148834
2023-10-25 21:50:00,475.82,476.36,475.68,476.12,2634,149171
2023-10-25 21:55:00,476.14,477.0,476.08,476.78,5117,149734
2023-10-25 22:00:00,476.76,476.84,476.52,476.56,2907,149727
2023-10-25 22:05:00,476.58,476.58,476.08,476.22,2906,149767
2023-10-25 22:10:00,476.22,476.22,475.26,475.44,4641,149187
2023-10-25 22:15:00,475.42,475.62,475.04,475.34,2701,149159
2023-10-25 22:20:00,475.32,475.48,475.2,475.48,1597,149078
2023-10-25 22:25:00,475.52,475.54,475.14,475.22,1287,149103
2023-10-25 22:30:00,475.22,475.44,475.22,475.28,898,149103
2023-10-25 22:35:00,475.28,475.38,475.08,475.1,1479,149068
2023-10-25 22:40:00,475.1,475.36,475.06,475.32,1055,149109
2023-10-25 22:45:00,475.3,475.5,475.26,475.36,1122,148967
2023-10-25 22:50:00,475.36,475.36,474.56,474.8,2898,148978
2023-10-25 22:55:00,474.8,474.84,474.64,474.84,925,148938
2023-10-25 23:00:00,474.84,475.0,474.78,474.96,944,148917
2023-10-25 23:05:00,474.96,475.06,472.64,473.26,6668,148380
2023-10-25 23:10:00,473.3,474.14,473.3,474.02,4342,148872
2023-10-25 23:15:00,474.02,474.66,474.0,474.48,3196,148961
2023-10-25 23:20:00,474.46,474.66,474.2,474.28,1794,148934
2023-10-25 23:25:00,474.28,474.42,473.98,474.42,1760,148849
2023-10-25 23:30:00,474.4,474.52,474.22,474.52,751,148808
2023-10-25 23:35:00,474.54,475.18,474.44,475.04,2491,148865
2023-10-25 23:40:00,475.04,475.22,474.8,474.88,1755,149044
2023-10-25 23:45:00,474.88,475.5,474.84,475.42,1712,149074
2023-10-25 23:50:00,475.46,475.72,475.32,475.64,2460,149178
2023-10-25 23:55:00,475.64,475.98,475.54,475.66,1690,149248
2023-10-26 00:00:00,475.66,475.7,475.34,475.4,1357,149220
2023-10-26 00:05:00,475.38,475.5,475.32,475.42,701,149229
2023-10-26 00:10:00,475.42,475.78,475.42,475.72,912,149219
2023-10-26 00:15:00,475.74,476.06,475.58,475.86,1232,149243
2023-10-26 00:20:00,475.86,475.96,475.68,475.92,655,149255
2023-10-26 00:25:00,475.96,475.96,475.46,475.6,952,149208
2023-10-26 00:30:00,475.58,475.7,475.4,475.6,734,149187
2023-10-26 00:35:00,475.62,475.68,475.34,475.34,670,149179
2023-10-26 00:40:00,475.34,475.6,475.26,475.56,643,149112
2023-10-26 00:45:00,475.56,475.62,475.46,475.54,417,149053
2023-10-26 00:50:00,475.54,475.54,475.26,475.34,402,149043
2023-10-26 00:55:00,475.34,475.44,475.16,475.28,825,148981
2023-10-26 01:00:00,475.3,475.42,475.26,475.36,430,148952
2023-10-26 01:05:00,475.36,475.5,474.98,475.14,1058,148816
2023-10-26 01:10:00,475.14,475.46,475.06,475.44,712,148798
2023-10-26 01:15:00,475.44,475.5,475.34,475.44,353,148829
2023-10-26 01:20:00,475.44,476.18,475.4,475.9,1575,148846
2023-10-26 01:25:00,475.92,476.26,475.8,476.02,1258,148928
2023-10-26 01:30:00,476.08,476.24,476.02,476.22,694,149050
2023-10-26 01:35:00,476.22,476.34,476.06,476.2,735,149072
2023-10-26 01:40:00,476.22,476.5,476.16,476.18,866,149081
2023-10-26 01:45:00,476.18,476.38,476.08,476.3,577,149104
2023-10-26 01:50:00,476.3,476.5,476.3,476.42,614,149133
2023-10-26 01:55:00,476.42,476.54,476.2,476.28,493,149099
2023-10-26 02:00:00,476.28,476.28,476.02,476.2,510,149065
2023-10-26 02:05:00,476.2,476.36,476.16,476.3,595,148917
2023-10-26 02:10:00,476.26,476.5,476.22,476.44,496,148875
2023-10-26 02:15:00,476.44,476.76,476.44,476.7,810,148915
2023-10-26 02:20:00,476.7,476.82,476.64,476.72,806,148702
2023-10-26 02:25:00,476.72,476.76,476.54,476.58,564,148666
2023-10-26 02:30:00,476.58,476.88,476.58,476.86,755,148466
2023-10-26 09:05:00,476.74,476.98,476.42,476.94,3158,148546
2023-10-26 09:10:00,476.94,476.94,476.58,476.6,2431,148542
2023-10-26 09:15:00,476.6,476.72,476.54,476.64,1434,148317
2023-10-26 09:20:00,476.66,476.72,476.4,476.62,1542,147909
2023-10-26 09:25:00,476.54,477.1,476.54,476.82,2199,148059
2023-10-26 09:30:00,476.82,477.22,476.76,476.88,1709,147909
2023-10-26 09:35:00,476.86,476.92,476.54,476.68,1564,147575
2023-10-26 09:40:00,476.68,476.88,476.62,476.66,870,147498
2023-10-26 09:45:00,476.66,476.66,476.46,476.58,854,147470
2023-10-26 09:50:00,476.58,476.72,476.56,476.62,448,147523
2023-10-26 09:55:00,476.6,476.74,476.6,476.7,121055,147597
2023-10-26 10:00:00,476.7,476.74,476.52,476.6,568,147468
2023-10-26 10:05:00,476.6,476.84,476.5,476.74,989,147465
2023-10-26 10:10:00,476.74,476.86,476.58,476.64,643,147446
2023-10-26 10:15:00,476.64,476.66,476.48,476.6,629,147363
2023-10-26 10:35:00,476.56,476.6,476.42,476.48,990,147248
2023-10-26 10:40:00,476.48,476.54,476.28,476.42,125522,147147
2023-10-26 10:45:00,476.42,476.46,476.22,476.26,813,147039
2023-10-26 10:50:00,476.28,476.5,476.24,476.46,731,147134
2023-10-26 10:55:00,476.46,476.48,476.3,476.32,335,147084
2023-10-26 11:00:00,476.32,476.56,476.32,476.4,522,147020
2023-10-26 11:05:00,476.4,476.44,476.24,476.36,779,146724
2023-10-26 11:10:00,476.34,476.4,476.28,476.34,513,146562
2023-10-26 11:15:00,476.32,476.56,476.26,476.52,649,146503
2023-10-26 11:20:00,476.52,476.64,476.44,476.64,521,146479
2023-10-26 11:25:00,476.62,476.68,476.48,476.48,643,146300
2023-10-26 11:30:00,476.48,476.64,476.48,476.54,423,146215
2023-10-26 13:35:00,476.9,477.0,476.7,476.96,2129,146156
2023-10-26 13:40:00,476.98,476.98,476.62,476.66,1244,146039
2023-10-26 13:45:00,476.66,476.9,476.62,476.82,565,146020
2023-10-26 13:50:00,476.8,476.86,476.66,476.66,571,146017
2023-10-26 13:55:00,476.68,476.74,476.54,476.54,703,145950
2023-10-26 14:00:00,476.54,476.68,476.52,476.52,533,145883
2023-10-26 14:05:00,476.56,476.58,476.42,476.44,601,145709
2023-10-26 14:10:00,476.42,476.58,476.36,476.5,1104,145635
2023-10-26 14:15:00,476.54,476.7,476.52,476.58,615,145413
2023-10-26 14:20:00,476.6,476.7,476.56,476.68,226,145276
2023-10-26 14:25:00,476.72,476.84,476.66,476.72,1202,145157
2023-10-26 14:30:00,476.76,476.84,476.7,476.78,689,145271
2023-10-26 14:35:00,476.8,476.8,476.62,476.62,847,145155
2023-10-26 14:40:00,476.64,476.76,476.48,476.5,587,144861
2023-10-26 14:45:00,476.5,476.68,476.44,476.64,712,144597
2023-10-26 14:50:00,476.64,476.66,476.6,476.6,447,144388
2023-10-26 14:55:00,476.6,476.7,476.58,476.6,627,144252
2023-10-26 15:00:00,476.7,476.76,476.64,476.66,284,144170
2023-10-26 21:05:00,475.48,475.6,474.5,474.78,9459,142255
2023-10-26 21:10:00,474.78,474.86,474.32,474.32,3292,141917
2023-10-26 21:15:00,474.32,474.64,474.24,474.54,2431,141890
2023-10-26 21:20:00,474.54,474.8,474.4,474.8,1802,141719
2023-10-26 21:25:00,474.8,474.8,474.48,474.66,1234,141746
2023-10-26 21:30:00,474.66,475.2,474.62,474.96,1691,141699
2023-10-26 21:35:00,474.94,475.28,474.92,475.14,1686,141754
2023-10-26 21:40:00,475.14,475.74,475.08,475.52,2672,141713
2023-10-26 21:45:00,475.52,475.62,475.16,475.4,1975,141744
2023-10-26 21:50:00,475.38,475.56,475.18,475.28,1551,141780
2023-10-26 21:55:00,475.28,475.5,475.14,475.46,1036,141698
2023-10-26 22:00:00,475.44,475.5,475.24,475.28,815,141721
2023-10-26 22:05:00,475.24,475.3,475.08,475.24,1180,141702
2023-10-26 22:10:00,475.24,475.28,474.88,474.9,1701,141541
2023-10-26 22:15:00,474.9,475.06,474.7,474.9,1548,141477
2023-10-26 22:20:00,474.9,474.96,474.68,474.74,1446,141296
2023-10-26 22:25:00,474.74,474.76,474.36,474.6,2339,141150
2023-10-26 22:30:00,474.6,474.68,474.3,474.54,1501,140969
2023-10-26 22:35:00,474.56,475.04,474.5,474.92,1783,140923
2023-10-26 22:40:00,474.92,475.1,474.9,475.08,1120,140859
2023-10-26 22:45:00,475.08,475.3,475.06,475.18,1235,140860
2023-10-26 22:50:00,475.22,475.3,475.06,475.18,976,140879
2023-10-26 22:55:00,475.2,475.46,475.2,475.3,843,140973
2023-10-26 23:00:00,475.3,475.34,475.14,475.2,959,141023
2023-10-26 23:05:00,475.2,475.34,475.06,475.3,876,141070
2023-10-26 23:10:00,475.3,475.5,475.12,475.5,782,141148
2023-10-26 23:15:00,475.5,475.5,475.18,475.34,847,141136
2023-10-26 23:20:00,475.32,475.36,475.16,475.18,562,141134
2023-10-26 23:25:00,475.18,475.22,474.94,474.96,829,141122
2023-10-26 23:30:00,474.98,475.04,474.86,475.0,868,140960
2023-10-26 23:35:00,474.96,475.14,474.94,475.02,544,140883
2023-10-26 23:40:00,475.02,475.24,475.0,475.14,544,140868
2023-10-26 23:45:00,475.14,475.36,475.12,475.28,628,140815
2023-10-26 23:50:00,475.28,475.38,475.24,475.3,322,140866
2023-10-26 23:55:00,475.3,475.42,475.28,475.42,449,140912
2023-10-27 00:00:00,475.4,475.42,475.18,475.2,503,140921
2023-10-27 00:05:00,475.2,475.32,475.18,475.32,237,140902
2023-10-27 00:10:00,475.3,475.54,475.28,475.48,540,140963
2023-10-27 00:15:00,475.48,476.14,475.4,476.14,2055,141277
2023-10-27 00:20:00,476.2,476.76,476.1,476.76,2907,142024
2023-10-27 00:25:00,476.74,476.8,476.42,476.68,1564,142340
2023-10-27 00:30:00,476.68,477.04,476.6,476.98,2626,142961
2023-10-27 00:35:00,477.0,477.0,476.52,476.66,1376,143062
2023-10-27 00:40:00,476.66,476.78,476.34,476.42,961,142977
2023-10-27 00:45:00,476.42,476.52,476.28,476.48,806,143003
2023-10-27 00:50:00,476.48,476.74,476.42,476.68,642,142979
2023-10-27 00:55:00,476.66,476.72,476.48,476.62,421,142947
2023-10-27 01:00:00,476.62,476.74,476.48,476.64,445,143019
2023-10-27 01:05:00,476.6,477.06,476.58,476.9,947,143127
2023-10-27 01:10:00,476.9,477.3,476.86,477.24,1523,143390
2023-10-27 01:15:00,477.24,477.34,477.0,477.28,870,143509
2023-10-27 01:20:00,477.28,477.34,477.14,477.26,783,143580
2023-10-27 01:25:00,477.26,477.4,477.12,477.36,659,143672
2023-10-27 01:30:00,477.36,477.58,477.12,477.16,1035,143678
2023-10-27 01:35:00,477.16,477.26,476.86,476.86,769,143568
2023-10-27 01:40:00,476.86,477.06,476.78,476.98,617,143500
2023-10-27 01:45:00,476.98,477.3,476.98,477.24,572,143477
2023-10-27 01:50:00,477.24,477.36,477.12,477.14,425,143442
2023-10-27 01:55:00,477.14,477.28,477.06,477.28,349,143406
2023-10-27 02:00:00,477.28,477.32,477.1,477.18,359,143394
2023-10-27 02:05:00,477.18,477.24,476.92,477.12,423,143384
2023-10-27 02:10:00,477.14,477.14,476.96,476.96,283,143380
2023-10-27 02:15:00,476.96,477.04,476.86,476.92,266,143312
2023-10-27 02:20:00,476.92,477.0,476.8,476.94,353,143214
2023-10-27 02:25:00,476.94,477.0,476.78,476.9,296,143122
2023-10-27 02:30:00,476.92,477.06,476.84,476.96,407,142977
2023-10-27 09:05:00,476.54,476.6,476.24,476.46,3142,143392
2023-10-27 09:10:00,476.48,476.66,476.36,476.66,1146,143380
2023-10-27 09:15:00,476.66,476.84,476.52,476.64,1057,143382
2023-10-27 09:20:00,476.64,476.88,476.58,476.66,1037,143225
2023-10-27 09:25:00,476.68,476.84,476.66,476.72,770,143260
2023-10-27 09:30:00,476.72,476.72,476.34,476.4,1277,143133
2023-10-27 09:35:00,476.4,476.56,476.24,476.32,2167,142350
2023-10-27 09:40:00,476.32,476.5,476.1,476.16,2535,141273
2023-10-27 09:45:00,476.14,476.44,476.1,476.44,1779,141022
2023-10-27 09:50:00,476.46,476.52,476.26,476.3,1503,140551
2023-10-27 09:55:00,476.24,476.62,476.24,476.56,1477,140130
2023-10-27 10:00:00,476.54,476.66,476.36,476.52,1961,139327
2023-10-27 10:05:00,476.52,476.8,476.5,476.6,2036,138849
2023-10-27 10:10:00,476.58,476.7,476.48,476.58,2152,138524
2023-10-27 10:15:00,476.56,476.82,476.56,476.76,761,138421
2023-10-27 10:35:00,476.76,476.82,476.52,476.6,1911,138033
2023-10-27 10:40:00,476.58,476.7,476.44,476.52,1322,137757
2023-10-27 10:45:00,476.56,476.76,476.46,476.72,680,137669
2023-10-27 10:50:00,476.74,476.86,476.66,476.76,638,137682
2023-10-27 10:55:00,476.74,477.08,476.7,476.86,1189,137600
2023-10-27 11:00:00,476.86,476.96,476.78,476.84,1068,137230
2023-10-27 11:05:00,476.84,477.12,476.8,477.08,1179,137059
2023-10-27 11:10:00,477.08,477.16,476.98,477.04,874,136890
2023-10-27 11:15:00,477.04,477.08,476.9,476.92,568,136754
2023-10-27 11:20:00,476.92,476.96,476.84,476.92,273,136670
2023-10-27 11:25:00,476.92,476.96,476.88,476.9,205,136615
2023-10-27 11:30:00,476.9,476.96,476.86,476.86,235,136561
2023-10-27 13:35:00,476.86,476.94,476.74,476.84,818,136613
2023-10-27 13:40:00,476.82,476.9,476.76,476.84,569,136476
2023-10-27 13:45:00,476.84,476.98,476.82,476.9,323,136511
2023-10-27 13:50:00,476.92,477.06,476.9,477.0,245,136550
2023-10-27 13:55:00,477.0,477.12,476.92,477.08,414,136509
2023-10-27 14:00:00,477.08,477.26,477.04,477.22,806,136613
2023-10-27 14:05:00,477.2,477.24,477.14,477.24,184,136612
2023-10-27 14:10:00,477.24,477.3,477.12,477.22,676,136705
2023-10-27 14:15:00,477.22,477.22,476.94,476.98,857,136593
2023-10-27 14:20:00,476.98,477.04,476.84,476.92,738,136576
2023-10-27 14:25:00,476.92,477.12,476.86,477.08,1042,136413
2023-10-27 14:30:00,477.1,477.12,476.88,476.92,973,136296
2023-10-27 14:35:00,476.92,477.06,476.88,476.9,732,136199
2023-10-27 14:40:00,476.9,477.02,476.88,476.98,520,136162
2023-10-27 14:45:00,476.98,477.1,476.9,476.94,704,136020
2023-10-27 14:50:00,476.96,477.06,476.88,477.04,690,135979
2023-10-27 14:55:00,477.06,477.08,476.88,476.94,935,135848
2023-10-27 15:00:00,476.94,477.04,476.86,476.98,1666,135504
2023-10-27 21:05:00,475.9,476.58,475.76,476.4,4960,135186
2023-10-27 21:10:00,476.42,476.62,476.22,476.22,1808,135105
2023-10-27 21:15:00,476.24,476.26,475.64,475.64,3695,134815
2023-10-27 21:20:00,475.66,476.2,475.64,476.14,2391,134707
2023-10-27 21:25:00,476.12,476.44,476.0,476.36,1789,134887
2023-10-27 21:30:00,476.34,476.34,476.06,476.26,1507,134927
2023-10-27 21:35:00,476.28,476.56,476.26,476.52,1749,135151
2023-10-27 21:40:00,476.52,476.7,476.44,476.58,1493,135313
2023-10-27 21:45:00,476.58,476.6,476.3,476.38,1546,135160
2023-10-27 21:50:00,476.38,476.5,476.22,476.26,1189,135026
2023-10-27 21:55:00,476.26,476.5,476.0,476.38,1801,134936
2023-10-27 22:00:00,476.38,476.6,476.38,476.46,1235,134900
2023-10-27 22:05:00,476.32,476.52,476.26,476.46,1264,134878
2023-10-27 22:10:00,476.46,476.78,476.46,476.78,1227,134895
2023-10-27 22:15:00,476.78,476.82,476.58,476.6,1023,134849
2023-10-27 22:20:00,476.6,476.82,476.58,476.68,849,134855
2023-10-27 22:25:00,476.68,476.8,476.56,476.62,832,134779
2023-10-27 22:30:00,476.62,476.68,476.52,476.6,657,134803
2023-10-27 22:35:00,476.62,476.62,476.4,476.46,825,134797
2023-10-27 22:40:00,476.46,476.68,476.32,476.34,1122,134858
2023-10-27 22:45:00,476.34,476.46,476.24,476.28,794,134871
2023-10-27 22:50:00,476.26,476.7,476.26,476.68,971,134928
2023-10-27 22:55:00,476.66,476.68,476.26,476.32,1398,135071
2023-10-27 23:00:00,476.32,476.46,476.28,476.36,562,135096
2023-10-27 23:05:00,476.36,476.5,476.28,476.5,681,135179
2023-10-27 23:10:00,476.5,476.52,476.2,476.24,549,135217
2023-10-27 23:15:00,476.24,476.3,476.12,476.22,939,135206
2023-10-27 23:20:00,476.22,476.22,475.9,476.02,1341,135244
2023-10-27 23:25:00,475.96,476.18,475.9,476.02,927,135246
2023-10-27 23:30:00,476.02,476.08,475.86,476.04,788,135233
2023-10-27 23:35:00,476.04,476.22,476.02,476.22,859,135228
2023-10-27 23:40:00,476.24,476.32,476.1,476.24,729,135200
2023-10-27 23:45:00,476.24,476.32,476.2,476.26,385,135210
2023-10-27 23:50:00,476.26,476.26,476.1,476.16,349,135210
2023-10-27 23:55:00,476.16,476.2,475.92,475.94,774,135215
2023-10-28 00:05:00,475.96,476.16,475.92,476.14,398,135196
2023-10-28 00:10:00,476.14,476.28,476.12,476.14,530,135158
2023-10-28 00:15:00,476.14,476.28,476.14,476.2,263,135138
2023-10-28 00:20:00,476.2,476.28,476.1,476.1,288,135079
2023-10-28 00:25:00,476.1,476.26,476.08,476.2,264,135050
2023-10-28 00:30:00,476.2,476.28,476.1,476.24,451,135095
2023-10-28 00:35:00,476.22,476.38,476.18,476.32,483,135127
2023-10-28 00:40:00,476.32,476.32,476.16,476.26,264,135101
2023-10-28 00:45:00,476.26,476.46,476.26,476.42,435,135076
2023-10-28 00:50:00,476.42,476.58,476.38,476.56,495,135038
2023-10-28 00:55:00,476.54,476.68,476.54,476.58,504,135027
2023-10-28 01:00:00,476.58,476.7,476.56,476.68,652,134886
2023-10-28 01:05:00,476.68,476.76,476.58,476.72,622,134902
2023-10-28 01:10:00,476.72,476.88,476.68,476.68,851,134993
2023-10-28 01:15:00,476.7,476.76,476.68,476.7,266,135046
2023-10-28 01:20:00,476.7,477.12,476.66,477.06,1161,135079
2023-10-28 01:25:00,477.08,477.14,476.9,477.0,752,135088
2023-10-28 01:30:00,477.0,477.36,477.0,477.32,820,135205
2023-10-28 01:35:00,477.34,477.98,477.3,477.92,1890,135444
2023-10-28 01:40:00,477.92,478.66,477.74,478.58,1699,135652
2023-10-28 01:45:00,478.52,478.62,478.14,478.62,1704,135397
2023-10-28 01:50:00,478.6,478.62,478.34,478.44,802,135421
2023-10-28 01:55:00,478.44,478.74,478.4,478.66,1218,135461
2023-10-28 02:00:00,478.66,479.26,478.66,479.16,1705,135538
2023-10-28 02:05:00,479.16,479.26,478.96,479.26,1084,135654
2023-10-28 02:10:00,479.26,480.24,479.16,480.2,2922,135637
2023-10-28 02:15:00,480.18,480.8,480.02,480.74,2535,135955
2023-10-28 02:20:00,480.76,481.06,480.56,480.96,2737,135980
2023-10-28 02:25:00,481.0,481.2,480.9,480.98,1447,135971
2023-10-28 02:30:00,480.98,482.24,480.98,481.94,3106,135928
2023-10-30 00:00:00,475.94,476.1,475.92,475.96,449,135216
2023-10-30 09:05:00,481.4,481.66,480.76,481.16,5622,135450
2023-10-30 09:10:00,481.14,481.24,480.52,480.56,2228,135200
2023-10-30 09:15:00,480.56,480.78,480.44,480.62,1493,135026
2023-10-30 09:20:00,480.62,480.7,480.42,480.5,1202,134792
2023-10-30 09:25:00,480.5,480.52,480.18,480.32,1306,134508
2023-10-30 09:30:00,480.32,480.66,480.32,480.58,1012,134243
2023-10-30 09:35:00,480.6,480.7,480.44,480.44,896,134194
2023-10-30 09:40:00,480.44,480.72,480.4,480.72,449,134188
2023-10-30 09:45:00,480.72,480.8,480.62,480.66,512,134148
2023-10-30 09:50:00,480.74,480.74,480.58,480.66,152,134091
2023-10-30 09:55:00,480.68,480.86,480.68,480.82,670,134057
2023-10-30 10:00:00,480.8,481.04,480.78,481.02,1133,134026
2023-10-30 10:05:00,480.96,481.0,480.62,480.62,1374,133662
2023-10-30 10:10:00,480.62,480.72,480.48,480.54,737,133571
2023-10-30 10:15:00,480.54,480.62,480.42,480.5,742,133480
2023-10-30 10:35:00,480.7,480.78,480.6,480.66,1812,133019
2023-10-30 10:40:00,480.64,480.66,480.48,480.54,881,132718
2023-10-30 10:45:00,480.54,480.56,480.34,480.38,1355,132505
2023-10-30 10:50:00,480.36,480.46,480.22,480.3,1049,132289
2023-10-30 10:55:00,480.32,480.48,480.32,480.4,574,132069
2023-10-30 11:00:00,480.38,480.46,480.28,480.3,505,131876
2023-10-30 11:05:00,480.3,480.36,480.26,480.28,393,131731
2023-10-30 11:10:00,480.28,480.38,480.08,480.08,665,131606
2023-10-30 11:15:00,480.1,480.16,479.98,480.02,691,131472
2023-10-30 11:20:00,480.02,480.02,479.7,479.82,960,131267
2023-10-30 11:25:00,479.8,479.94,479.58,479.66,798,131168
